time;AT_cases;AT_hospitalised;AT_icu;AT_cases_real;AT_cases_forecast1;AT_cases_forecast2;rate_factors_base;ratioBA4;rate_factors_forecast1;ratioBA5;rate_factors_forecast2
2021-03-01;2169;1073;296;2169;2169;2169;1;0;1;0;1
2021-03-02;2439;1124;301;2439;2439;2439;1;0;1;0;1
2021-03-03;2383;1097;313;2383;2383;2383;1;0;1;0;1
2021-03-04;2342;1142;302;2342;2342;2342;1;0;1;0;1
2021-03-05;2742;1114;325;2742;2742;2742;1;0;1;0;1
2021-03-06;2237;1138;316;2237;2237;2237;1;0;1;0;1
2021-03-07;1944;1155;317;1944;1944;1944;1;0;1;0;1
2021-03-08;2502;1226;333;2502;2502;2502;1;0;1;0;1
2021-03-09;2395;1287;329;2395;2395;2395;1;0;1;0;1
2021-03-10;2856;1273;324;2856;2856;2856;1;0;1;0;1
2021-03-11;3040;1242;342;3040;3040;3040;1;0;1;0;1
2021-03-12;3006;1269;346;3006;3006;3006;1;0;1;0;1
2021-03-13;2523;1285;356;2523;2523;2523;1;0;1;0;1
2021-03-14;1906;1322;352;1906;1906;1906;1;0;1;0;1
2021-03-15;2747;1406;373;2747;2747;2747;1;0;1;0;1
2021-03-16;2852;1438;395;2852;2852;2852;1;0;1;0;1
2021-03-17;3509;1449;396;3509;3509;3509;1;0;1;0;1
2021-03-18;3209;1451;388;3209;3209;3209;1;0;1;0;1
2021-03-19;3634;1462;400;3634;3634;3634;1;0;1;0;1
2021-03-20;2685;1438;393;2685;2685;2685;1;0;1;0;1
2021-03-21;2429;1495;416;2429;2429;2429;1;0;1;0;1
2021-03-22;3008;1573;436;3008;3008;3008;1;0;1;0;1
2021-03-23;3521;1614;438;3521;3521;3521;1;0;1;0;1
2021-03-24;3424;1635;450;3424;3424;3424;1;0;1;0;1
2021-03-25;3197;1641;455;3197;3197;3197;1;0;1;0;1
2021-03-26;3280;1693;471;3280;3280;3280;1;0;1;0;1
2021-03-27;2636;1651;508;2636;2636;2636;1;0;1;0;1
2021-03-28;3227;1636;518;3227;3227;3227;1;0;1;0;1
2021-03-29;2780;1710;537;2780;2780;2780;1;0;1;0;1
2021-03-30;3116;1770;538;3116;3116;3116;1;0;1;0;1
2021-03-31;3375;1787;531;3375;3375;3375;1;0;1;0;1
2021-04-01;3074;1765;534;3074;3074;3074;1;0;1;0;1
2021-04-02;3293;1753;537;3293;3293;3293;1;0;1;0;1
2021-04-03;2812;1655;533;2812;2812;2812;1;0;1;0;1
2021-04-04;2325;1671;562;2325;2325;2325;1;0;1;0;1
2021-04-05;2003;1771;570;2003;2003;2003;1;0;1;0;1
2021-04-06;2828;1854;583;2828;2828;2828;1;0;1;0;1
2021-04-07;2845;1877;583;2845;2845;2845;1;0;1;0;1
2021-04-08;2480;1807;579;2480;2480;2480;1;0;1;0;1
2021-04-09;3437;1802;582;3437;3437;3437;1;0;1;0;1
2021-04-10;1958;1734;584;1958;1958;1958;1;0;1;0;1
2021-04-11;2051;1705;599;2051;2051;2051;1;0;1;0;1
2021-04-12;2222;1799;615;2222;2222;2222;1;0;1;0;1
2021-04-13;3160;1752;596;3160;3160;3160;1;0;1;0;1
2021-04-14;2713;1687;589;2713;2713;2713;1;0;1;0;1
2021-04-15;2330;1586;571;2330;2330;2330;1;0;1;0;1
2021-04-16;2349;1550;560;2349;2349;2349;1;0;1;0;1
2021-04-17;2027;1507;549;2027;2027;2027;1;0;1;0;1
2021-04-18;2007;1475;546;2007;2007;2007;1;0;1;0;1
2021-04-19;2074;1554;568;2074;2074;2074;1;0;1;0;1
2021-04-20;2514;1531;561;2514;2514;2514;1;0;1;0;1
2021-04-21;2608;1417;551;2608;2608;2608;1;0;1;0;1
2021-04-22;2470;1403;521;2470;2470;2470;1;0;1;0;1
2021-04-23;1955;1356;518;1955;1955;1955;1;0;1;0;1
2021-04-24;1888;1309;508;1888;1888;1888;1;0;1;0;1
2021-04-25;1575;1279;521;1575;1575;1575;1;0;1;0;1
2021-04-26;1900;1333;520;1900;1900;1900;1;0;1;0;1
2021-04-27;2258;1392;521;2258;2258;2258;1;0;1;0;1
2021-04-28;2142;1270;519;2142;2142;2142;1;0;1;0;1
2021-04-29;2105;1233;489;2105;2105;2105;1;0;1;0;1
2021-04-30;1644;1154;506;1644;1644;1644;1;0;1;0;1
2021-05-01;1532;1081;482;1532;1532;1532;1;0;1;0;1
2021-05-02;1099;1087;476;1099;1099;1099;1;0;1;0;1
2021-05-03;1421;1139;485;1421;1421;1421;1;0;1;0;1
2021-05-04;1702;1155;463;1702;1702;1702;1;0;1;0;1
2021-05-05;1379;1107;440;1379;1379;1379;1;0;1;0;1
2021-05-06;1377;1017;431;1377;1377;1377;1;0;1;0;1
2021-05-07;1141;959;422;1141;1141;1141;1;0;1;0;1
2021-05-08;1053;886;406;1053;1053;1053;1;0;1;0;1
2021-05-09;738;865;409;738;738;738;1;0;1;0;1
2021-05-10;915;863;385;915;915;915;1;0;1;0;1
2021-05-11;1153;857;358;1153;1153;1153;1;0;1;0;1
2021-05-12;981;797;337;981;981;981;1;0;1;0;1
2021-05-13;849;695;316;849;849;849;1;0;1;0;1
2021-05-14;632;686;322;632;632;632;1;0;1;0;1
2021-05-15;683;628;315;683;683;683;1;0;1;0;1
2021-05-16;519;612;285;519;519;519;1;0;1;0;1
2021-05-17;633;624;290;633;633;633;1;0;1;0;1
2021-05-18;841;600;278;841;841;841;1;0;1;0;1
2021-05-19;605;563;266;605;605;605;1;0;1;0;1
2021-05-20;657;518;249;657;657;657;1;0;1;0;1
2021-05-21;564;463;234;564;564;564;1;0;1;0;1
2021-05-22;507;406;237;507;507;507;1;0;1;0;1
2021-05-23;346;386;237;346;346;346;1;0;1;0;1
2021-05-24;406;368;224;406;406;406;1;0;1;0;1
2021-05-25;473;383;220;473;473;473;1;0;1;0;1
2021-05-26;606;349;198;606;606;606;1;0;1;0;1
2021-05-27;537;318;192;537;537;537;1;0;1;0;1
2021-05-28;424;285;171;424;424;424;1;0;1;0;1
2021-05-29;385;273;163;385;385;385;1;0;1;0;1
2021-05-30;326;264;149;326;326;326;1;0;1;0;1
2021-05-31;359;258;152;359;359;359;1;0;1;0;1
2021-06-01;489;268;147;489;489;489;1;0;1;0;1
2021-06-02;305;266;136;305;305;305;1;0;1;0;1
2021-06-03;351;245;128;351;351;351;1;0;1;0;1
2021-06-04;284;247;115;284;284;284;1;0;1;0;1
2021-06-05;326;288;150;326;326;326;1;0;1;0;1
2021-06-06;311;284;144;311;311;311;1;0;1;0;1
2021-06-07;307;280;146;307;307;307;1;0;1;0;1
2021-06-08;356;275;127;356;356;356;1;0;1;0;1
2021-06-09;287;248;122;287;287;287;1;0;1;0;1
2021-06-10;226;244;113;226;226;226;1;0;1;0;1
2021-06-11;198;229;97;198;198;198;1;0;1;0;1
2021-06-12;207;217;99;207;207;207;1;0;1;0;1
2021-06-13;103;219;99;103;103;103;1;0;1;0;1
2021-06-14;147;208;98;147;147;147;1;0;1;0;1
2021-06-15;180;205;94;180;180;180;1;0;1;0;1
2021-06-16;171;188;92;171;171;171;1;0;1;0;1
2021-06-17;131;185;86;131;131;131;1;0;1;0;1
2021-06-18;149;175;84;149;149;149;1;0;1;0;1
2021-06-19;108;164;83;108;108;108;1;0;1;0;1
2021-06-20;115;164;84;115;115;115;1;0;1;0;1
2021-06-21;102;164;80;102;102;102;1;0;1;0;1
2021-06-22;116;169;73;116;116;116;1;0;1;0;1
2021-06-23;99;157;70;99;99;99;1;0;1;0;1
2021-06-24;108;146;71;108;108;108;1;0;1;0;1
2021-06-25;117;127;68;117;117;117;1;0;1;0;1
2021-06-26;66;128;73;66;66;66;1;0;1;0;1
2021-06-27;73;122;63;73;73;73;1;0;1;0;1
2021-06-28;93;118;61;93;93;93;1;0;1;0;1
2021-06-29;106;129;56;106;106;106;1;0;1;0;1
2021-06-30;80;112;60;80;80;80;1;0;1;0;1
2021-07-01;108;112;53;108;108;108;1;0;1;0;1
2021-07-02;104;101;49;104;104;104;1;0;1;0;1
2021-07-03;68;97;46;68;68;68;1;0;1;0;1
2021-07-04;73;89;46;73;73;73;1;0;1;0;1
2021-07-05;103;83;45;103;103;103;1;0;1;0;1
2021-07-06;127;78;46;127;127;127;1;0;1;0;1
2021-07-07;148;72;46;148;148;148;1;0;1;0;1
2021-07-08;198;69;42;198;198;198;1;0;1;0;1
2021-07-09;178;67;42;178;178;178;1;0;1;0;1
2021-07-10;154;61;42;154;154;154;1;0;1;0;1
2021-07-11;184;62;37;184;184;184;1;0;1;0;1
2021-07-12;245;67;35;245;245;245;1;0;1;0;1
2021-07-13;273;75;37;273;273;273;1;0;1;0;1
2021-07-14;302;78;32;302;302;302;1;0;1;0;1
2021-07-15;352;77;35;352;352;352;1;0;1;0;1
2021-07-16;430;71;37;430;430;430;1;0;1;0;1
2021-07-17;336;80;35;336;336;336;1;0;1;0;1
2021-07-18;265;77;31;265;265;265;1;0;1;0;1
2021-07-19;335;80;33;335;335;335;1;0;1;0;1
2021-07-20;363;82;40;363;363;363;1;0;1;0;1
2021-07-21;419;81;30;419;419;419;1;0;1;0;1
2021-07-22;421;78;26;421;421;421;1;0;1;0;1
2021-07-23;342;74;26;342;342;342;1;0;1;0;1
2021-07-24;325;80;27;325;325;325;1;0;1;0;1
2021-07-25;316;78;26;316;316;316;1;0;1;0;1
2021-07-26;365;85;32;365;365;365;1;0;1;0;1
2021-07-27;547;80;41;547;547;547;1;0;1;0;1
2021-07-28;506;75;38;506;506;506;1;0;1;0;1
2021-07-29;532;83;40;532;532;532;1;0;1;0;1
2021-07-30;543;81;37;543;543;543;1;0;1;0;1
2021-07-31;420;90;33;420;420;420;1;0;1;0;1
2021-08-01;346;96;30;346;346;346;1;0;1;0;1
2021-08-02;402;99;31;402;402;402;1;0;1;0;1
2021-08-03;595;102;35;595;595;595;1;0;1;0;1
2021-08-04;497;96;31;497;497;497;1;0;1;0;1
2021-08-05;601;95;38;601;601;601;1;0;1;0;1
2021-08-06;572;112;34;572;572;572;1;0;1;0;1
2021-08-07;563;110;41;563;563;563;1;0;1;0;1
2021-08-08;436;119;44;436;436;436;1;0;1;0;1
2021-08-09;617;134;40;617;617;617;1;0;1;0;1
2021-08-10;874;146;46;874;874;874;1;0;1;0;1
2021-08-11;859;146;48;859;859;859;1;0;1;0;1
2021-08-12;968;150;49;968;968;968;1;0;1;0;1
2021-08-13;952;158;49;952;952;952;1;0;1;0;1
2021-08-14;832;167;53;832;832;832;1;0;1;0;1
2021-08-15;797;182;58;797;797;797;1;0;1;0;1
2021-08-16;877;193;64;877;877;877;1;0;1;0;1
2021-08-17;1213;214;60;1213;1213;1213;1;0;1;0;1
2021-08-18;1292;226;62;1292;1292;1292;1;0;1;0;1
2021-08-19;1310;219;68;1310;1310;1310;1;0;1;0;1
2021-08-20;1287;246;69;1287;1287;1287;1;0;1;0;1
2021-08-21;1105;260;71;1105;1105;1105;1;0;1;0;1
2021-08-22;983;278;73;983;983;983;1;0;1;0;1
2021-08-23;1155;306;74;1155;1155;1155;1;0;1;0;1
2021-08-24;1620;317;86;1620;1620;1620;1;0;1;0;1
2021-08-25;1450;332;88;1450;1450;1450;1;0;1;0;1
2021-08-26;1404;315;94;1404;1404;1404;1;0;1;0;1
2021-08-27;1378;316;105;1378;1378;1378;1;0;1;0;1
2021-08-28;1345;315;110;1345;1345;1345;1;0;1;0;1
2021-08-29;1081;343;113;1081;1081;1081;1;0;1;0;1
2021-08-30;1281;355;124;1281;1281;1281;1;0;1;0;1
2021-08-31;1852;393;133;1852;1852;1852;1;0;1;0;1
2021-09-01;1555;401;141;1555;1555;1555;1;0;1;0;1
2021-09-02;1691;396;143;1691;1691;1691;1;0;1;0;1
2021-09-03;1931;396;153;1931;1931;1931;1;0;1;0;1
2021-09-04;1576;395;154;1576;1576;1576;1;0;1;0;1
2021-09-05;1391;395;157;1391;1391;1391;1;0;1;0;1
2021-09-06;1801;413;171;1801;1801;1801;1;0;1;0;1
2021-09-07;2301;456;172;2301;2301;2301;1;0;1;0;1
2021-09-08;2168;468;188;2168;2168;2168;1;0;1;0;1
2021-09-09;2338;471;186;2338;2338;2338;1;0;1;0;1
2021-09-10;2247;497;181;2247;2247;2247;1;0;1;0;1
2021-09-11;1838;512;173;1838;1838;1838;1;0;1;0;1
2021-09-12;1390;528;182;1390;1390;1390;1;0;1;0;1
2021-09-13;1848;570;189;1848;1848;1848;1;0;1;0;1
2021-09-14;2599;604;201;2599;2599;2599;1;0;1;0;1
2021-09-15;2319;618;196;2319;2319;2319;1;0;1;0;1
2021-09-16;2211;621;202;2211;2211;2211;1;0;1;0;1
2021-09-17;2028;644;207;2028;2028;2028;1;0;1;0;1
2021-09-18;1428;652;213;1428;1428;1428;1;0;1;0;1
2021-09-19;1340;644;217;1340;1340;1340;1;0;1;0;1
2021-09-20;1379;664;220;1379;1379;1379;1;0;1;0;1
2021-09-21;2108;664;216;2108;2108;2108;1;0;1;0;1
2021-09-22;1837;643;218;1837;1837;1837;1;0;1;0;1
2021-09-23;1816;636;219;1816;1816;1816;1;0;1;0;1
2021-09-24;1829;642;225;1829;1829;1829;1;0;1;0;1
2021-09-25;1385;623;225;1385;1385;1385;1;0;1;0;1
2021-09-26;1386;636;225;1386;1386;1386;1;0;1;0;1
2021-09-27;1590;648;245;1590;1590;1590;1;0;1;0;1
2021-09-28;2611;648;239;2611;2611;2611;1;0;1;0;1
2021-09-29;1924;648;222;1924;1924;1924;1;0;1;0;1
2021-09-30;1738;630;222;1738;1738;1738;1;0;1;0;1
2021-10-01;1807;628;220;1807;1807;1807;1;0;1;0;1
2021-10-02;1556;611;221;1556;1556;1556;1;0;1;0;1
2021-10-03;1371;599;223;1371;1371;1371;1;0;1;0;1
2021-10-04;1460;619;222;1460;1460;1460;1;0;1;0;1
2021-10-05;2671;631;233;2671;2671;2671;1;0;1;0;1
2021-10-06;2034;634;221;2034;2034;2034;1;0;1;0;1
2021-10-07;1853;624;221;1853;1853;1853;1;0;1;0;1
2021-10-08;1875;624;221;1875;1875;1875;1;0;1;0;1
2021-10-09;1585;603;218;1585;1585;1585;1;0;1;0;1
2021-10-10;1298;601;221;1298;1298;1298;1;0;1;0;1
2021-10-11;1597;637;212;1597;1597;1597;1;0;1;0;1
2021-10-12;2716;662;218;2716;2716;2716;1;0;1;0;1
2021-10-13;2113;649;218;2113;2113;2113;1;0;1;0;1
2021-10-14;2388;656;217;2388;2388;2388;1;0;1;0;1
2021-10-15;2381;659;219;2381;2381;2381;1;0;1;0;1
2021-10-16;2145;658;218;2145;2145;2145;1;0;1;0;1
2021-10-17;1997;653;220;1997;1997;1997;1;0;1;0;1
2021-10-18;2727;697;220;2727;2727;2727;1;0;1;0;1
2021-10-19;3970;730;217;3970;3970;3970;1;0;1;0;1
2021-10-20;3617;745;218;3617;3617;3617;1;0;1;0;1
2021-10-21;3484;767;220;3484;3484;3484;1;0;1;0;1
2021-10-22;3706;795;220;3706;3706;3706;1;0;1;0;1
2021-10-23;3528;809;229;3528;3528;3528;1;0;1;0;1
2021-10-24;2795;832;226;2795;2795;2795;1;0;1;0;1
2021-10-25;3446;903;240;3446;3446;3446;1;0;1;0;1
2021-10-26;4483;941;253;4483;4483;4483;1;0;1;0;1
2021-10-27;4302;1007;256;4302;4302;4302;1;0;1;0;1
2021-10-28;5933;1044;264;5933;5933;5933;1;0;1;0;1
2021-10-29;5978;1101;279;5978;5978;5978;1;0;1;0;1
2021-10-30;5628;1121;283;5628;5628;5628;1;0;1;0;1
2021-10-31;4793;1181;293;4793;4793;4793;1;0;1;0;1
2021-11-01;5284;1260;308;5284;5284;5284;1;0;1;0;1
2021-11-02;6582;1372;329;6582;6582;6582;1;0;1;0;1
2021-11-03;8972;1436;344;8972;8972;8972;1;0;1;0;1
2021-11-04;9765;1475;362;9765;9765;9765;1;0;1;0;1
2021-11-05;9696;1483;366;9696;9696;9696;1;0;1;0;1
2021-11-06;8107;1520;354;8107;8107;8107;1;0;1;0;1
2021-11-07;8008;1570;367;8008;8008;8008;1;0;1;0;1
2021-11-08;7750;1664;382;7750;7750;7750;1;0;1;0;1
2021-11-09;11959;1768;408;11959;11959;11959;1;0;1;0;1
2021-11-10;13204;1808;420;13204;13204;13204;1;0;1;0;1
2021-11-11;10564;1851;437;10564;10564;10564;1;0;1;0;1
2021-11-12;12628;1896;428;12628;12628;12628;1;0;1;0;1
2021-11-13;11421;1877;417;11421;11421;11421;1;0;1;0;1
2021-11-14;11178;1919;433;11178;11178;11178;1;0;1;0;1
2021-11-15;10984;2069;456;10984;10984;10984;1;0;1;0;1
2021-11-16;16443;2118;466;16443;16443;16443;1;0;1;0;1
2021-11-17;15000;2258;486;15000;15000;15000;1;0;1;0;1
2021-11-18;14862;2329;508;14862;14862;14862;1;0;1;0;1
2021-11-19;14039;2364;514;14039;14039;14039;1;0;1;0;1
2021-11-20;14072;2347;525;14072;14072;14072;1;0;1;0;1
2021-11-21;11627;2425;533;11627;11627;11627;1;0;1;0;1
2021-11-22;11949;2561;572;11949;11949;11949;1;0;1;0;1
2021-11-23;14496;2570;583;14496;14496;14496;1;0;1;0;1
2021-11-24;14426;2639;596;14426;14426;14426;1;0;1;0;1
2021-11-25;12093;2658;615;12093;12093;12093;1;0;1;0;1
2021-11-26;12017;2658;612;12017;12017;12017;1;0;1;0;1
2021-11-27;9594;2606;615;9594;9594;9594;1;0;1;0;1
2021-11-28;7968;2624;623;7968;7968;7968;1;0;1;0;1
2021-11-29;8096;2767;630;8096;8096;8096;1;0;1;0;1
2021-11-30;10935;2769;646;10935;10935;10935;1;0;1;0;1
2021-12-01;8752;2651;651;8752;8752;8752;1;0;1;0;1
2021-12-02;7213;2547;640;7213;7213;7213;1;0;1;0;1
2021-12-03;6239;2530;642;6239;6239;6239;1;0;1;0;1
2021-12-04;5305;2424;652;5305;5305;5305;1;0;1;0;1
2021-12-05;4243;2402;654;4243;4243;4243;1;0;1;0;1
2021-12-06;4391;2465;664;4391;4391;4391;1;0;1;0;1
2021-12-07;6041;2377;658;6041;6041;6041;1;0;1;0;1
2021-12-08;4304;2236;632;4304;4304;4304;1;0;1;0;1
2021-12-09;3106;2169;620;3106;3106;3106;1;0;1;0;1
2021-12-10;4797;2049;588;4797;4797;4797;1;0;1;0;1
2021-12-11;3245;1883;567;3245;3245;3245;1;0;1;0;1
2021-12-12;3255;1866;561;3255;3255;3255;1;0;1;0;1
2021-12-13;2916;1872;580;2916;2916;2916;1;0;1;0;1
2021-12-14;4113;1776;557;4113;4113;4113;1;0;1;0;1
2021-12-15;2920;1655;556;2920;2920;2920;1;0;1;0;1
2021-12-16;2690;1516;533;2690;2690;2690;1;0;1;0;1
2021-12-17;2342;1440;505;2342;2342;2342;1;0;1;0;1
2021-12-18;1982;1294;480;1982;1982;1982;1;0;1;0;1
2021-12-19;1879;1283;475;1879;1879;1879;1;0;1;0;1
2021-12-20;1940;1273;483;1940;1940;1940;1;0;1;0;1
2021-12-21;2797;1183;470;2797;2797;2797;1;0;1;0;1
2021-12-22;2155;1084;451;2155;2155;2155;1;0;1;0;1
2021-12-23;2258;1010;426;2258;2258;2258;1;0;1;0;1
2021-12-24;2103;885;400;2103;2103;2103;1;0;1;0;1
2021-12-25;1622;817;394;1622;1622;1622;1;0;1;0;1
2021-12-26;1732;819;384;1732;1732;1732;1;0;1;0;1
2021-12-27;2590;826;383;2590;2590;2590;1;0;1;0;1
2021-12-28;3329;799;361;3329;3329;3329;1;0;1;0;1
2021-12-29;3168;779;349;3168;3168;3168;1;0;1;0;1
2021-12-30;3801;755;343;3801;3801;3801;1;0;1;0;1
2021-12-31;3683;712;328;3683;3683;3683;1;0;1;0;1
2022-01-01;3000;672;322;3000;3000;3000;1;0;1;0;1
2022-01-02;3469;647;323;3469;3469;3469;1;0;1;0;1
2022-01-03;5982;707;321;5982;5982;5982;1;0;1;0;1
2022-01-04;10045;708;317;10045;10045;10045;1;0;1;0;1
2022-01-05;8763;698;302;8763;8763;8763;1;0;1;0;1
2022-01-06;8864;655;289;8864;8864;8864;1;0;1;0;1
2022-01-07;7019;641;273;7019;7019;7019;1;0;1;0;1
2022-01-08;10682;629;268;10682;10682;10682;1;0;1;0;1
2022-01-09;10870;639;264;10870;10870;10870;1;0;1;0;1
2022-01-10;12584;693;260;12584;12584;12584;1;0;1;0;1
2022-01-11;16477;653;255;16477;16477;16477;1;0;1;0;1
2022-01-12;16757;652;241;16757;16757;16757;1;0;1;0;1
2022-01-13;16904;640;236;16904;16904;16904;1;0;1;0;1
2022-01-14;16996;682;220;16996;16996;16996;1;0;1;0;1
2022-01-15;14815;649;216;14815;14815;14815;1;0;1;0;1
2022-01-16;16086;679;212;16086;16086;16086;1;0;1;0;1
2022-01-17;18282;748;211;18282;18282;18282;1;0;1;0;1
2022-01-18;28081;831;194;28081;28081;28081;1;0;1;0;1
2022-01-19;25128;854;193;25128;25128;25128;1;0;1;0;1
2022-01-20;29593;892;196;29593;29593;29593;1;0;1;0;1
2022-01-21;26651;904;198;26651;26651;26651;1;0;1;0;1
2022-01-22;23321;916;193;23321;23321;23321;1;0;1;0;1
2022-01-23;25108;949;190;25108;25108;25108;1;0;1;0;1
2022-01-24;26662;1045;194;26662;26662;26662;1;0;1;0;1
2022-01-25;38122;1114;190;38122;38122;38122;1;0;1;0;1
2022-01-26;35712;1123;190;35712;35712;35712;1;0;1;0;1
2022-01-27;37894;1130;172;37894;37894;37894;1;0;1;0;1
2022-01-28;33667;1220;176;33667;33667;33667;1;0;1;0;1
2022-01-29;29166;1215;177;29166;29166;29166;1;0;1;0;1
2022-01-30;26315;1273;176;26315;26315;26315;1;0;1;0;1
2022-01-31;27849;1373;175;27849;27849;27849;1;0;1;0;1
2022-02-01;44186;1490;184;44186;44186;44186;1;0;1;0;1
2022-02-02;33854;1509;184;33854;33854;33854;1;0;1;0;1
2022-02-03;36932;1581;190;36932;36932;36932;1;0;1;0;1
2022-02-04;33432;1636;195;33432;33432;33432;1;0;1;0;1
2022-02-05;30046;1658;197;30046;30046;30046;1;0;1;0;1
2022-02-06;25895;1704;205;25895;25895;25895;1;0;1;0;1
2022-02-07;29029;1785;196;29029;29029;29029;1;0;1;0;1
2022-02-08;40131;1878;194;40131;40131;40131;1;0;1;0;1
2022-02-09;35097;1898;187;35097;35097;35097;1;0;1;0;1
2022-02-10;33198;1872;189;33198;33198;33198;1;0;1;0;1
2022-02-11;29699;1872;186;29699;29699;29699;1;0;1;0;1
2022-02-12;24909;1854;190;24909;24909;24909;1;0;1;0;1
2022-02-13;23968;1902;199;23968;23968;23968;1;0;1;0;1
2022-02-14;26423;1984;199;26423;26423;26423;1;0;1;0;1
2022-02-15;38679;2022;205;38679;38679;38679;1;0;1;0;1
2022-02-16;30799;2037;197;30799;30799;30799;1;0;1;0;1
2022-02-17;30462;2057;199;30462;30462;30462;1;0;1;0;1
2022-02-18;25693;2084;187;25693;25693;25693;1;0;1;0;1
2022-02-19;21744;2015;186;21744;21744;21744;1;0;1;0;1
2022-02-20;21329;2062;188;21329;21329;21329;1;0;1;0;1
2022-02-21;23636;2173;188;23636;23636;23636;1;0;1;0;1
2022-02-22;35199;2181;197;35199;35199;35199;1;0;1;0;1
2022-02-23;28485;2186;190;28485;28485;28485;1;0;1;0;1
2022-02-24;29730;2225;200;29730;29730;29730;1;0;1;0;1
2022-02-25;25013;2283;200;25013;25013;25013;1;0;1;0;1
2022-02-26;22051;2171;193;22051;22051;22051;1;0;1;0;1
2022-02-27;21188;2194;199;21188;21188;21188;1;0;1;0;1
2022-02-28;27292;2272;187;27292;27292;27292;1;0;1;0;1
2022-03-01;40830;2371;190;40830;40830;40830;1;0;1;0;1
2022-03-02;31618;2406;188;31618;31618;31618;1;0;1;0;1
2022-03-03;31821;2374;192;31821;31821;31821;1;0;1;0;1
2022-03-04;31450;2329;195;31450;31450;31450;1;0;1;0;1
2022-03-05;27522;2327;198;27522;27522;27522;1;0;1;0;1
2022-03-06;26474;2284;199;26474;26474;26474;1;0;1;0;1
2022-03-07;34024;2465;190;34024;34024;34024;1;0;1;0;1
2022-03-08;50960;2587;192;50960;50960;50960;1;0;1;0;1
2022-03-09;49903;2511;183;49903;49903;49903;1;0;1;0;1
2022-03-10;49290;2509;178;49290;49290;49290;1;0;1;0;1
2022-03-11;43425;2566;183;43425;43425;43425;1;0;1;0;1
2022-03-12;37375;2547;181;37375;37375;37375;1;0;1;0;1
2022-03-13;34228;2599;193;34228;34228;34228;1;0;1;0;1
2022-03-14;40002;2675;200;40002;40002;40002;1;0;1;0;1
2022-03-15;63508;2786;218;63508;63508;63508;1;0;1;0;1
2022-03-16;51537;2801;218;51537;51537;51537;1;0;1;0;1
2022-03-17;50500;2866;207;50500;50500;50500;1;0;1;0;1
2022-03-18;41956;2812;208;41956;41956;41956;1;0;1;0;1
2022-03-19;37331;2806;208;37331;37331;37331;1;0;1;0;1
2022-03-20;31064;2814;203;31064;31064;31064;1;0;1;0;1
2022-03-21;36816;2953;223;36816;36816;36816;1;0;1;0;1
2022-03-22;54376;3059;232;54376;54376;54376;1;0;1;0;1
2022-03-23;40830;2998;230;40830;40830;40830;1;0;1;0;1
2022-03-24;36917;2934;234;36917;36917;36917;1;0;1;0;1
2022-03-25;32889;2948;234;32889;32889;32889;1;0;1;0;1
2022-03-26;25364;2898;241;25364;25364;25364;1;0;1;0;1
2022-03-27;20814;2931;240;20814;20814;20814;1;0;1;0;1
2022-03-28;25922;3074;241;25922;25922;25922;1;0;1;0;1
2022-03-29;33830;3050;237;33830;33830;33830;1;0;1;0;1
2022-03-30;25909;2999;237;25909;25909;25909;1;0;1;0;1
2022-03-31;22022;2945;226;22022;22022;22022;1;0;1;0;1
2022-04-01;18727;2895;218;18727;18727;18727;1;0;1;0;1
2022-04-02;13856;2777;215;13856;13856;13856;1;0;1;0;1
2022-04-03;11404;2739;215;11404;11404;11404;1;0;1;0;1
2022-04-04;15132;2716;225;15132;15132;15132;1;0;1;0;1
2022-04-05;20772;2739;226;20772;20772;20772;1;0;1;0;1
2022-04-06;16201;2624;226;16201;16201;16201;1;0;1;0;1
2022-04-07;13743;2516;202;13743;13743;13743;1;0;1;0;1
2022-04-08;12888;2365;199;12888;12888;12888;1;0;1;0;1
2022-04-09;10525;2256;200;10525;10525;10525;1;0;1;0;1
2022-04-10;7268;2233;183;7268;7268;7268;1;0;1;0;1
2022-04-11;9405;2288;196;9405;9405;9405;1;0;1;0;1
2022-04-12;12364;2248;192;12364;12364;12364;1;0;1;0;1
2022-04-13;10226;2096;193;10226;10226;10226;1;0;1;0;1
2022-04-14;9747;1959;180;9747;9747;9747;1;0;1;0;1
2022-04-15;8639;1884;170;8639;8639;8639;1;0;1;0;1
2022-04-16;7334;1751;152;7334;7334;7334;1;0;1;0;1
2022-04-17;5555;1669;146;5555;5555;5555;1;0;1;0;1
2022-04-18;5700;1682;141;5700;5700;5700;1;0;1;0;1
2022-04-19;8388;1691;137;8388;8388;8388;1;0;1;0;1
2022-04-20;10834;1685;140;10834;10834;10834;1;0;1;0;1
2022-04-21;7952;1594;126;7952;7952;7952;1;0;1;0;1
2022-04-22;6435;1477;117;6435;6435;6435;1;0;1;0;1
2022-04-23;5432;1416;120;5432;5432;5432;1;0;1;0;1
2022-04-24;4288;1353;118;4288;4288;4288;1;0;1;0;1
2022-04-25;6115;1381;118;6115;6115;6115;1;0;1;0;1
2022-04-26;8140;1368;110;8140;8140;8140;1;0;1;0;1
2022-04-27;6443;1322;106;6443;6443;6443;1;0;1;0;1
2022-04-28;6047;1231;110;6047;6047;6047;1;0;1;0;1
2022-04-29;5225;1215;99;5225;5225;5225;1;0;1;0;1
2022-04-30;4445;1104;86;4445;4445;4445;1;0;1;0;1
2022-05-01;3908;1108;85;3908;3908;3908;1;0;1;0;1
2022-05-02;5541;1092;88;5541;5541;5541;1;0;1;0;1
2022-05-03;7072;1071;86;7072;7072;7072;1;0;1;0;1
2022-05-04;5920;1011;80;5920;5920;5920;1;0;1;0;1
2022-05-05;6028;955;81;6028;6028;6028;1;0;1;0;1
2022-05-06;5074;937;79;5074;5074;5074;1;0;1;0;1
2022-05-07;3429;905;78;3429;3429;3429;1;0;1;0;1
2022-05-08;3882;866;81;3882;3882;3882;1;0;1;0;1
2022-05-09;4681;849;79;4681;4681;4681;1;0;1;0;1
2022-05-10;5893;853;79;5893;5893;5893;1;0;1;0.00098798;1.000296394
2022-05-11;5001;789;79;5001;5001;5001;1;0.000962835;1.00028885;0.002118236;1.000635471
2022-05-12;4725;747;70;4725;4725;4725;1;0.003478617;1.001043585;0.002864743;1.000859423
2022-05-13;3681;727;63;3681;3681;3681;1;0.002639219;1.000791766;0.005542359;1.001662708
2022-05-14;3293;731;62;3293;3293;3293;1;0.004369356;1.001310807;0.007573551;1.002272065
2022-05-15;2477;718;58;2477;2477;2477;1;0.005441119;1.001632336;0.012825496;1.003847649
2022-05-16;3247;701;65;3247;3247;3247;1;0.005341246;1.001602374;0.01305638;1.003916914
2022-05-17;;682;58;4375;3099;3163;1;0.005808325;1.001742498;0.017704711;1.005311413
2022-05-18;;647;54;3364;2926;2909;1;0.009569378;1.002870813;0.018219319;1.005465796
2022-05-19;;605;58;3117;2734;2747;1;0.011704462;1.003511339;0.029850746;1.008955224
2022-05-20;;594;55;2694;2577;2635;1;0.015521925;1.004656577;0.029981025;1.008994307
2022-05-21;;580;53;1733;2508;2340;1;0.01754386;1.005263158;0.036752137;1.011025641
2022-05-22;;561;44;1743;2288;2353;1;0.024038462;1.007211538;0.039524012;1.011857204
2022-05-23;;530;52;2402;2275;2195;1;0.021978022;1.006593407;0.046924829;1.014077449
2022-05-24;;539;57;3131;2161;2192;1;0.030541416;1.009162425;0.064324818;1.019297445
2022-05-25;;505;44;2593;2083;2120;1;0.029764762;1.008929429;0.083018868;1.02490566
2022-05-26;;473;42;1737;1978;2079;1;0.037411527;1.011223458;0.085618086;1.025685426
2022-05-27;;452;46;1812;1867;2086;1;0.052490627;1.015747188;0.101150527;1.030345158
2022-05-28;;455;50;1879;1943;2031;1;0.045290787;1.013587236;0.112752339;1.033825702
2022-05-29;;444;45;1737;1983;2007;1;0.048411498;1.014523449;0.116591928;1.034977578
2022-05-30;;445;38;2389;1896;2021;1;0.047995781;1.014398734;0.123206333;1.0369619
2022-05-31;;432;43;3569;1893;2115;1;0.061278394;1.018383518;0.150827423;1.045248227
2022-06-01;;426;43;3176;1848;2117;1;0.071428571;1.021428571;0.162966462;1.048889939
2022-06-02;;416;48;3240;1979;2112;1;0.092470945;1.027741283;0.178503788;1.053551136
2022-06-03;;418;47;2689;1830;2158;1;0.09726776;1.029180328;0.198795181;1.059638554
2022-06-04;;414;43;2373;1849;2211;1;0.109248242;1.032774473;0.220714609;1.066214383
2022-06-05;;405;41;2071;1884;2276;1;0.113057325;1.033917197;0.240333919;1.072100176
2022-06-06;;410;40;2371;1869;2381;1;0.125735688;1.037720706;0.273834523;1.082150357
2022-06-07;;437;42;3702;1777;2425;1;0.14518852;1.043556556;0.274639175;1.082391753
2022-06-08;;440;42;5178;1707;2264;1;0.14645577;1.043936731;0.281360424;1.084408127
2022-06-09;;431;39;4269;1843;2283;1;0.148670646;1.044601194;0.328953132;1.09868594
2022-06-10;;438;35;4006;1768;2397;1;0.156108597;1.046832579;0.363788068;1.109136421
2022-06-11;;444;34;3037;1712;2383;1;0.176401869;1.052920561;0.383550147;1.115065044
2022-06-12;;443;30;2844;1702;2318;1;0.196239718;1.058871915;0.396462468;1.11893874
2022-06-13;;473;36;4795;1740;2500;1;0.187356322;1.056206897;0.4276;1.12828
2022-06-14;;488;43;6958;1787;2529;1;0.222160045;1.066648013;0.457888493;1.137366548
2022-06-15;;477;34;7239;1700;2576;1;0.250588235;1.075176471;0.468167702;1.140450311
2022-06-16;;481;31;4808;1798;2706;1;0.233036707;1.069911012;0.500739098;1.150221729
2022-06-17;;487;36;5735;1743;2775;1;0.247274814;1.074182444;0.533333333;1.16
2022-06-18;;499;35;6123;1700;2744;1;0.255294118;1.076588235;0.540087464;1.162026239
2022-06-19;;502;38;5143;1930;2924;1;0.275647668;1.082694301;0.581395349;1.174418605
2022-06-20;;551;36;8379;1823;3046;1;0.28414701;1.085244103;0.59455023;1.178365069
2022-06-21;;583;41;10989;1774;3264;1;0.296505073;1.088951522;0.602022059;1.180606618
2022-06-22;;603;50;9601;1782;3377;1;0.309203143;1.092760943;0.633698549;1.190109565
2022-06-23;;619;43;8972;1728;3600;1;0.317708333;1.0953125;0.67;1.201
2022-06-24;;620;42;8831;1963;3707;1;0.357615894;1.107284768;0.677367143;1.203210143
2022-06-25;;640;48;6987;1926;3990;1;0.381100727;1.114330218;0.703007519;1.210902256
2022-06-26;;655;51;6442;2181;4168;1;0.385602934;1.11568088;0.699616123;1.209884837
2022-06-27;;729;48;9648;2022;4512;1;0.420870425;1.126261128;0.725398936;1.217619681
2022-06-28;;795;47;12425;2096;4712;1;0.439408397;1.131822519;0.751061121;1.225318336
2022-06-29;;809;47;12684;2195;5180;1;0.443735763;1.133120729;0.761003861;1.228301158
2022-06-30;;813;41;10363;2167;5470;1;0.436086756;1.130826027;0.76691042;1.230073126
2022-07-01;;821;49;10014;2314;5709;1;0.487899741;1.146369922;0.796111403;1.238833421
2022-07-02;;835;59;8349;2364;6074;1;0.507614213;1.152284264;0.795192624;1.238557787
2022-07-03;;825;51;7809;2481;6601;1;0.521966949;1.156590085;0.810937737;1.243281321
2022-07-04;;878;51;10964;2655;6993;1;0.53559322;1.160677966;0.819104819;1.245731446
2022-07-05;;926;56;13238;2749;7564;1;0.561658785;1.168497636;0.844658911;1.253397673
2022-07-06;;900;58;12260;2912;7909;1;0.558035714;1.167410714;0.848274118;1.254482235
2022-07-07;;961;63;11092;3048;8527;1;0.568897638;1.170669291;0.857863258;1.257358977
2022-07-08;;930;57;10511;3050;9074;1;0.596065574;1.178819672;0.865219308;1.259565792
2022-07-09;;953;55;8370;3296;9935;1;0.603762136;1.181128641;0.887267237;1.266180171
2022-07-10;;960;50;7327;3299;10682;1;0.607456805;1.182237042;0.882044561;1.264613368
2022-07-11;;1046;57;11636;3393;10558;1;0.625699971;1.187709991;0.887762834;1.26632885
2022-07-12;;1067;56;14957;3556;11294;1;0.63863892;1.191591676;0.898353108;1.269505932
2022-07-13;;1085;66;13016;3720;11985;1;0.666935484;1.200080645;0.896620776;1.268986233
2022-07-14;;1095;71;13088;3921;12871;1;0.659525631;1.197857689;0.908398726;1.272519618
2022-07-15;;1133;78;12162;4207;13617;1;0.682196339;1.204658902;0.913049864;1.273914959
2022-07-16;;1165;75;10267;4225;14373;1;0.690650888;1.207195266;0.924372087;1.277311626
2022-07-17;;1193;71;8288;4454;14912;1;0.688819039;1.206645712;0.926368026;1.277910408
2022-07-18;;1301;76;13108;4651;15859;1;0.723930338;1.217179101;0.926666246;1.277999874
2022-07-19;;1399;90;14996;4952;16596;1;0.741518578;1.222455574;0.934562545;1.280368764
2022-07-20;;1428;76;13510;5096;17519;1;0.749411303;1.224823391;0.937268109;1.281180433
2022-07-21;;1390;80;11517;5353;18161;1;0.760321315;1.228096395;0.937228126;1.281168438
2022-07-22;;1416;80;10868;5864;18844;1;0.771657572;1.231497271;0.943271068;1.28298132
2022-07-23;;1442;80;8505;5988;19893;1;0.767869071;1.230360721;0.951038054;1.285311416
2022-07-24;;1414;87;7248;6269;20661;1;0.788483012;1.236544903;0.949373215;1.284811965
2022-07-25;;1548;88;10041;6625;21416;1;0.790792453;1.237237736;0.953119163;1.285935749
2022-07-26;;1604;93;11428;6988;22302;1;0.816971952;1.245091586;0.956461304;1.286938391
2022-07-27;;1618;101;9021;7397;23258;1;0.815600919;1.244680276;0.959024852;1.287707455
2022-07-28;;1564;98;7439;7678;23728;1;0.831336285;1.249400886;0.961100809;1.288330243
2022-07-29;;1563;91;6699;8369;24649;1;0.830087227;1.249026168;0.962838249;1.288851475
2022-07-30;;1504;90;5674;8866;25584;1;0.846605008;1.253981502;0.968065979;1.290419794
2022-07-31;;1465;87;4314;9343;26053;1;0.851011452;1.255303436;0.969063064;1.290718919
2022-08-01;;1477;82;7565;9732;26545;1;0.859535553;1.257860666;0.971972123;1.291591637
2022-08-02;;1461;86;8460;10380;27274;1;0.86628131;1.259884393;0.972867933;1.29186038
2022-08-03;;1385;79;6834;11013;27811;1;0.861890493;1.258567148;0.971989501;1.29159685
2022-08-04;;1438;83;5857;11509;27989;1;0.877921627;1.263376488;0.972632105;1.291789632
2022-08-05;;1388;73;5629;11971;28249;1;0.884387269;1.265316181;0.975928351;1.292778505
2022-08-06;;1358;74;4688;12150;28246;1;0.882962963;1.264888889;0.977129505;1.293138852
2022-08-07;;1323;72;3804;12814;28335;1;0.893397846;1.268019354;0.979707076;1.293912123
2022-08-08;;1398;81;6316;13654;28141;1;0.899223671;1.269767101;0.979211826;1.293763548
2022-08-09;;1306;77;7185;14032;27999;1;0.900299316;1.270089795;0.981392193;1.294417658
2022-08-10;;1339;81;5936;14241;27994;1;0.908573836;1.272572151;0.979638494;1.293891548
2022-08-11;;1294;76;5881;15033;27465;1;0.910131045;1.273039314;0.982413981;1.294724194
2022-08-12;;1240;82;5472;15498;26927;1;0.916118209;1.274835463;0.984513685;1.295354106
2022-08-13;;1188;68;4754;16279;26889;1;0.913999631;1.274199889;0.985793447;1.295738034
2022-08-14;;1165;70;3067;16526;26134;1;0.926176933;1.27785308;0.985497819;1.295649346
2022-08-15;;1160;64;3931;17549;25608;1;0.926263605;1.277879081;0.985043736;1.295513121
2022-08-16;;1171;63;6699;17865;25152;1;0.932381752;1.279714526;0.986760496;1.296028149
2022-08-17;;1212;69;7754;18740;24180;1;0.930042689;1.279012807;0.986641853;1.295992556
2022-08-18;;1179;66;5831;18646;23359;1;0.935589403;1.280676821;0.986429214;1.295928764
2022-08-19;;1149;64;5573;19151;22815;1;0.936243538;1.280873061;0.988823143;1.296646943
2022-08-20;;1125;67;4713;19823;22340;1;0.941179438;1.282353831;0.988675022;1.296602507
2022-08-21;;1095;69;3129;20410;21341;1;0.943263106;1.282978932;0.988941474;1.296682442
2022-08-22;;1137;72;5513;21148;20676;1;0.947985625;1.284395688;0.990665506;1.297199652
2022-08-23;;1098;72;5919;21331;19960;1;0.949697623;1.284909287;0.990180361;1.297054108
2022-08-24;;1039;74;5441;21869;19022;1;0.952809914;1.285842974;0.989853853;1.296956156
2022-08-25;;1043;78;5059;22120;18081;1;0.953209765;1.285962929;0.991316852;1.297395056
2022-08-26;;1005;80;5046;22347;17273;1;0.957846691;1.287354007;0.991431714;1.297429514
2022-08-27;;1001;74;3948;22516;16713;1;0.958696038;1.287608812;0.992401125;1.297720337
2022-08-28;;986;72;2759;22738;15796;1;0.9582637;1.28747911;0.992276526;1.297682958
2022-08-29;;1025;66;5003;23091;15095;1;0.96362219;1.289086657;0.99039417;1.297118251
2022-08-30;;1063;69;5570;23558;14332;1;0.96387639;1.289162917;0.990859615;1.297257884
2022-08-31;;1011;62;4773;23352;13588;1;0.964928058;1.289478417;0.992346188;1.297703856
2022-09-01;;973;65;4157;23597;13126;1;0.966563546;1.289969064;0.992000609;1.297600183
2022-09-02;;927;69;3945;23553;12299;1;0.965779306;1.289733792;0.99243841;1.297731523
2022-09-03;;914;63;3366;23455;11720;1;0.968833937;1.290650181;0.993088737;1.297926621
2022-09-04;;899;60;2832;23583;11210;1;0.972225756;1.291667727;0.993309545;1.297992864
2022-09-05;;900;63;4569;22964;10669;1;0.970344888;1.291103466;0.994282501;1.29828475
2022-09-06;;885;54;5310;23148;10014;1;0.971790219;1.291537066;0.992710206;1.297813062
2022-09-07;;880;46;4444;22902;9639;1;0.975024015;1.292507205;0.995331466;1.29859944
2022-09-08;;884;43;4286;22863;9009;1;0.975506277;1.292651883;0.993117993;1.297935398
2022-09-09;;867;47;4140;22303;8512;1;0.974756759;1.292427028;0.994830827;1.298449248
2022-09-10;;855;50;3399;22345;8143;1;0.976012531;1.292803759;0.994105367;1.29823161
2022-09-11;;848;48;2793;21541;7494;1;0.978552528;1.293565758;0.994929277;1.298478783
2022-09-12;;871;47;5127;21182;7409;1;0.977858559;1.293357568;0.995545958;1.298663787
2022-09-13;;879;52;6249;20847;6739;1;0.978078381;1.293423514;0.994361181;1.298308354
2022-09-14;;851;54;5621;20508;6425;1;0.981324361;1.294397308;0.993307393;1.297992218
2022-09-15;;868;54;5370;19935;6212;1;0.981088538;1.294326561;0.99356085;1.298068255
2022-09-16;;838;50;5362;19577;5809;1;0.981253512;1.294376054;0.993630573;1.298089172
2022-09-17;;848;54;4795;18841;5609;1;0.980733507;1.294220052;0.993046889;1.297914067
2022-09-18;;826;52;3697;18946;5313;1;0.981843133;1.29455294;0.995482778;1.298644833
2022-09-19;;890;61;6232;18685;5080;1;0.982927482;1.294878245;0.992322835;1.29769685
2022-09-20;;929;64;8458;18375;4911;1;0.983346939;1.295004082;0.991651395;1.297495418
2022-09-21;;947;57;8080;17865;4674;1;0.983655192;1.295096558;0.994865212;1.298459564
2022-09-22;;995;55;7939;17305;4429;1;0.983126264;1.294937879;0.991194401;1.29735832
2022-09-23;;973;61;8558;16986;4394;1;0.983221477;1.294966443;0.993172508;1.297951752
2022-09-24;;975;56;6932;17064;4232;1;0.984704641;1.295411392;0.992438563;1.297731569
2022-09-25;;960;58;6090;17780;4356;1;0.984983127;1.295494938;0.992194674;1.297658402
2022-09-26;;1082;66;10930;18763;4530;1;0.98438416;1.295315248;0.98807947;1.296423841
2022-09-27;;1224;75;15313;19451;4810;1;0.983856871;1.295157061;0.991060291;1.297318087
2022-09-28;;1320;73;12748;20371;4926;1;0.985322272;1.295596682;0.992082826;1.297624848
2022-09-29;;1397;67;13068;21441;5179;1;0.985728278;1.295718483;0.990924889;1.297277467
2022-09-30;;1421;69;12574;22151;5292;1;0.987088619;1.296126586;0.992063492;1.297619048
2022-10-01;;1422;67;10344;22551;5707;1;1;1.3;1;1.3
2022-10-02;;1442;68;8522;23419;5733;1;1;1.3;1;1.3
2022-10-03;;1626;71;14194;24183;5897;1;1;1.3;1;1.3
2022-10-04;;1773;90;18532;24264;6243;1;1;1.3;1;1.3
2022-10-05;;1905;80;15287;24539;6565;1;1;1.3;1;1.3
2022-10-06;;2016;100;15555;25372;6779;1;1;1.3;1;1.3
2022-10-07;;2096;98;14386;25656;7014;1;1;1.3;1;1.3
2022-10-08;;2093;99;11227;26399;7412;1;1;1.3;1;1.3
2022-10-09;;2099;99;8681;27972;8371;1;1;1.3;1;1.3
2022-10-10;;2310;118;13361;29980;9437;1;1;1.3;1;1.3
2022-10-11;;2418;130;18486;31019;10595;1;1;1.3;1;1.3
2022-10-12;;2463;130;14285;33022;11659;1;1;1.3;1;1.3
2022-10-13;;2425;125;13063;34258;13016;1;1;1.3;1;1.3
2022-10-14;;2417;121;11735;35451;14448;1;1;1.3;1;1.3
2022-10-15;;2422;120;8808;36513;16128;1;1;1.3;1;1.3
2022-10-16;;2416;120;6593;36927;17881;1;1;1.3;1;1.3
2022-10-17;;2409;120;9957;38150;20135;1;1;1.3;1;1.3
2022-10-18;;2406;120;13191;39002;23052;1;1;1.3;1;1.3
2022-10-19;;2344;124;9982;40010;25565;1;1;1.3;1;1.3
2022-10-20;;2248;132;8287;40316;29079;1;1;1.3;1;1.3
2022-10-21;;2214;125;7740;40683;33025;1;1;1.3;1;1.3
2022-10-22;;2201;128;5751;40399;36803;1;1;1.3;1;1.3
2022-10-23;;2202;128;3709;40062;41000;1;1;1.3;1;1.3
2022-10-24;;2035;119;6361;39848;45322;1;1;1.3;1;1.3
2022-10-25;;2003;105;8107;38509;49816;1;1;1.3;1;1.3
2022-10-26;;2013;106;4431;37228;53508;1;1;1.3;1;1.3
2022-10-27;;1997;99;5250;35545;58568;1;1;1.3;1;1.3
2022-10-28;;1909;99;5652;34228;61751;1;1;1.3;1;1.3
2022-10-29;;1891;100;4401;32585;64631;1;1;1.3;1;1.3
2022-10-30;;1882;100;2848;30330;66159;1;1;1.3;1;1.3
2022-10-31;;1787;98;4612;28573;68662;1;1;1.3;1;1.3
2022-11-01;;1789;100;4089;26541;68770;1;1;1.3;1;1.3
2022-11-02;;1349;96;4489;24793;67580;1;1;1.3;1;1.3
2022-11-03;;1260;93;5900;22971;66920;1;1;1.3;1;1.3
2022-11-04;;1237;91;4499;22209;66889;1;1;1.3;1;1.3
2022-11-05;;1226;85;3259;21103;65527;1;1;1.3;1;1.3
2022-11-06;;1224;85;2557;20170;62687;1;1;1.3;1;1.3
2022-11-07;;1172;85;3938;18839;59115;1;1;1.3;1;1.3
2022-11-08;;1112;78;4746;18038;55445;1;1;1.3;1;1.3
2022-11-09;;1057;73;3949;17216;51702;1;1;1.3;1;1.3
2022-11-10;;995;64;3433;16234;47148;1;1;1.3;1;1.3
2022-11-11;;967;67;3709;15522;42307;1;1;1.3;1;1.3
2022-11-12;;961;69;2836;14629;37772;1;1;1.3;1;1.3
2022-11-13;;961;69;2177;13966;33610;1;1;1.3;1;1.3
2022-11-14;;939;74;4001;13030;29437;1;1;1.3;1;1.3
2022-11-15;;909;75;4901;12287;25715;1;1;1.3;1;1.3
2022-11-16;;933;76;4509;11689;22978;1;1;1.3;1;1.3
2022-11-17;;877;70;4245;10959;19331;1;1;1.3;1;1.3
2022-11-18;;862;72;3844;10525;16962;1;1;1.3;1;1.3
2022-11-19;;847;76;3082;10140;14784;1;1;1.3;1;1.3
2022-11-20;;842;76;2449;9978;13208;1;1;1.3;1;1.3
2022-11-21;;827;73;4582;9794;11625;1;1;1.3;1;1.3
2022-11-22;;845;70;5693;9547;10407;1;1;1.3;1;1.3
2022-11-23;;861;75;4825;9609;8929;1;1;1.3;1;1.3
2022-11-24;;879;67;4486;9168;8108;1;1;1.3;1;1.3
2022-11-25;;875;67;4207;9431;7141;1;1;1.3;1;1.3
2022-11-26;;865;69;3484;9088;5952;1;1;1.3;1;1.3
2022-11-27;;864;68;2971;8864;5637;1;1;1.3;1;1.3
2022-11-28;;883;71;4800;8652;5085;1;1;1.3;1;1.3
2022-11-29;;878;66;6618;8569;4371;1;1;1.3;1;1.3
2022-11-30;;891;61;5294;8283;3933;1;1;1.3;1;1.3
2022-12-01;;902;58;5254;8467;4115;1;1;1.3;1;1.3
2022-12-02;;943;57;4601;8372;3598;1;1;1.3;1;1.3
2022-12-03;;947;57;3858;8278;3308;1;1;1.3;1;1.3
2022-12-04;;946;57;2860;7890;2918;1;1;1.3;1;1.3
2022-12-05;;959;53;4929;7634;2736;1;1;1.3;1;1.3
2022-12-06;;979;54;6878;7519;2496;1;1;1.3;1;1.3
2022-12-07;;996;59;5299;7158;2211;1;1;1.3;1;1.3
2022-12-08;;983;57;4003;7164;2120;1;1;1.3;1;1.3
2022-12-09;;1040;54;4003;6807;1920;1;1;1.3;1;1.3
2022-12-10;;1042;57;4831;6551;1841;1;1;1.3;1;1.3
2022-12-11;;1041;57;3373;6278;1720;1;1;1.3;1;1.3
2022-12-12;;1046;62;5541;5962;1571;1;1;1.3;1;1.3
2022-12-13;;1023;63;6970;5704;1522;1;1;1.3;1;1.3
2022-12-14;;1086;61;5649;4878;1389;1;1;1.3;1;1.3
2022-12-15;;1109;62;5244;4658;1431;1;1;1.3;1;1.3
2022-12-16;;1111;66;4649;4314;1339;1;1;1.3;1;1.3
2022-12-17;;1132;68;3807;3807;1297;1;1;1.3;1;1.3
2022-12-18;;1131;68;2842;3534;1246;1;1;1.3;1;1.3
2022-12-19;;1187;64;5200;3216;1193;1;1;1.3;1;1.3
2022-12-20;;1210;73;5929;2766;1176;1;1;1.3;1;1.3
2022-12-21;;1185;65;5626;2470;1203;1;1;1.3;1;1.3
2022-12-22;;1186;61;4812;2368;1188;1;1;1.3;1;1.3
2022-12-23;;1133;61;5226;2246;1294;1;1;1.3;1;1.3
2022-12-24;;1102;63;4300;2080;1274;1;1;1.3;1;1.3
2022-12-25;;1102;63;1840;1967;1429;1;1;1.3;1;1.3
2022-12-26;;1103;63;2415;1865;1461;1;1;1.3;1;1.3
2022-12-27;;1098;52;4810;1894;1586;1;1;1.3;1;1.3
2022-12-28;;1123;63;4854;2009;1728;1;1;1.3;1;1.3
2022-12-29;;1130;70;4291;2105;1856;1;1;1.3;1;1.3
2022-12-30;;1157;60;4230;2411;2199;1;1;1.3;1;1.3
2022-12-31;;1157;61;2844;2626;2499;1;1;1.3;1;1.3
